internal/agent/approval/batch_test.go	NONE	TestBatchAggregatesHomogeneousL1Ops	-
internal/agent/approval/batch_test.go	NONE	TestBatchRefusalsBelowThresholdAndOnSensitiveVerdicts	-
internal/agent/approval/batch_test.go	NONE	TestR7SizedBatchEscalatesToL2Unaggregated	-
internal/agent/approval/batch_test.go	NONE	TestR7SizedBatchThatNobodyAnsweredIsRejectedNotRun	-
internal/agent/approval/batch_test.go	NONE	TestTenOpsInOneToolCallGetOneConfirm	-
internal/agent/approval/cancel_key_label_260r4_test.go	NONE	TestTicket260R4DefaultLabelIsTheOldSentence	-
internal/agent/approval/cancel_key_label_260r4_test.go	NONE	TestTicket260R4SeededKeyReplacesEscOnEveryFace	-
internal/agent/approval/cancel_key_label_260r4_test.go	NONE	TestTicket260R4LabelFollowsTheReaderAcrossAReload	-
internal/agent/approval/cancel_key_label_260r4_test.go	NONE	TestTicket260R4UnloadLineNamesNoKey	-
internal/agent/approval/cancel_key_label_260r4_test.go	NONE	TestTicket260R4SpellingSeamCarriesNoAuthority	-
internal/agent/approval/cancel_key_wording_260r3_test.go	NONE	TestTicket260R3EscUnavailableLineNamesNoKey	-
internal/agent/approval/cancel_key_wording_260r3_test.go	NONE	TestTicket260R3LoadedCancelLabelIsTheNamedResidual	-
internal/agent/approval/pending_read_test.go	NONE	TestLiveApprovalsReportsPendingRowsAndDoesNotConsumeThem	-
internal/agent/approval/pending_read_test.go	NONE	TestLiveApprovalsSkipsRowsThatAreNotPending	-
internal/agent/approval/pending_read_test.go	NONE	TestLiveApprovalsOnNilQueueIsNil	-
internal/agent/approval/queue_test.go	NONE	TestL2NativeAllowExecutesThroughTheBridge	-
internal/agent/approval/queue_test.go	NONE	TestPanelSourcedAllowIsRejectedOnEveryForgeableAxis	-
internal/agent/approval/queue_test.go	NONE	TestGrantIsSingleUseAndBoundToItsItem	-
internal/agent/approval/queue_test.go	NONE	TestL2QueueAutoRejectsAt300sKeepsTaskAliveAndWarnsAt270s	-
internal/agent/approval/queue_test.go	NONE	TestReplayRedisplaysUnderAFreshGrant	-
internal/agent/approval/queue_test.go	NONE	TestHostUnreachableAndFullQueueFailClosed	-
internal/agent/approval/replies_201_test.go	NONE	TestReplySeamWaitingStateNamesTheTwoD43Rows	-
internal/agent/approval/replies_201_test.go	NONE	TestReplySeamCarriesNoAllowWithoutAGrant	-
internal/agent/approval/replies_201_test.go	NONE	TestWideningRuleReadsOneLineOffTheCard	-
internal/agent/approval/ticket146_liveapprovals_backing_test.go	NONE	TestLiveApprovalsSharesNoReferenceSlotWithTheQueue	-
internal/agent/approval/ticket146_liveapprovals_backing_test.go	NONE	TestLiveApprovalsInPlaceWriteCannotReachTheQueueRecord	-
internal/agent/approval/ticket220_l1_window_read_test.go	NONE	TestLiveL1WindowsSeesAWindowInTheLoop	-
internal/agent/approval/ticket220_l1_window_read_test.go	NONE	TestReadingL1WindowsMovesNoGateState	-
internal/agent/approval/ticket220_l1_window_read_test.go	NONE	TestL1WindowIsPlainDataWithNoRouteToAnAnswer	-
internal/agent/approval/ticket220_l1_window_read_test.go	NONE	TestStartedCallsAreNotReportedAsWaiting	-
internal/agent/approval/ticket224_reply_grant_test.go	NONE	TestTicket224AllowSessionRecordsEveryPathTheAnsweredCardNamed	-
internal/agent/approval/ticket224_reply_grant_test.go	NONE	TestTicket224ForgedSessionAnswerRecordsNothing	-
internal/agent/approval/ticket224_reply_grant_test.go	NONE	TestTicket224SessionAnswerWithoutARecorderSaysTheScopeWasDropped	-
internal/agent/approval/ticket224_reply_grant_test.go	NONE	TestTicket224RecordingFailureReleasesTheCallButClaimsNoRow	-
internal/agent/approval/ticket242_binding_test.go	NONE	TestTicket242SpendRejectsForgedBindingAndConsumesTheNonce	-
internal/agent/approval/ticket242_binding_test.go	NONE	TestTicket242SpendRequiresTheExactBinding	-
internal/agent/approval/ticket242_binding_test.go	NONE	TestTicket242QueuedItemsBindGrantsToTheirOwnDigest	-
internal/agent/approval/ticket242_binding_test.go	NONE	TestTicket242ForgedBindingCannotSpendAnotherItemsGrant	-
internal/agent/approval/ticket242_binding_test.go	NONE	TestTicket242BindDigestSeparatesItemsBySequenceNumber	-
internal/agent/approval/ticket242_panelface_test.go	NONE	TestTicket242PanelItemReadFaceIsFullyDeclared	-
internal/agent/approval/ticket242_panelface_test.go	NONE	TestTicket242PanelItemStaysGrantFree	-
internal/agent/approval/ticket259_denial_rulers_test.go	NONE	TestTicket259R1DenialNamesMissingNonce	-
internal/agent/approval/ticket259_denial_rulers_test.go	NONE	TestTicket259R1DenialNamesSpentOrNeverLiveNonce	-
internal/agent/approval/ticket259_denial_rulers_test.go	NONE	TestTicket259R1DenialNamesMisbound	-
internal/agent/approval/ticket259_denial_rulers_test.go	NONE	TestTicket259R1DenialNamesCardNotPending	-
internal/agent/approval/ticket259_denial_rulers_test.go	NONE	TestTicket259R1FourDenialLabelsArePairwiseDistinct	-
internal/agent/approval/ticket259_denial_rulers_test.go	NONE	TestTicket259R1OutwardAnswerStaysMergedAcrossDenials	-
internal/agent/approval/ticket259_panel_capability_rulers_test.go	NONE	TestTicket259R1PanelAPIMethodSetIsClosed	-
internal/agent/approval/ticket259_panel_capability_rulers_test.go	NONE	TestTicket259R1PanelCarrierCarriesNoAnswerVerb	-
internal/agent/approval/ticket259_panel_capability_rulers_test.go	NONE	TestTicket259R1PanelItemFieldCapabilityFence	-
internal/agent/approval/ticket259_panel_capability_rulers_test.go	NONE	TestTicket259R1PanelItemCarriesNoCredentialValue	-
internal/agent/approval/ticket259_panel_capability_rulers_test.go	NONE	TestTicket259R1PanelItemProjectionIgnoresGrantState	-
internal/agent/approval/ticket259_panel_capability_rulers_test.go	NONE	TestTicket259R1PanelReadFaceCannotBeLaunderedIntoAnAnswer	-
internal/agent/approval/ticket285_route_denial_name_rulers_test.go	NONE	TestTicket285R1CrossCardAllowNamesTheDenialInTheAudit	-
internal/agent/approval/ticket285_route_denial_name_rulers_test.go	NONE	TestTicket285R1UnknownCorrelationBooksNoDenialLine	-
internal/agent/approval/ticket84_no_owner_test.go	NONE	TestAnUnansweredL2CardResolvesToRejectAtTheQueueDeadline	-
internal/agent/approval/ticket84_no_owner_test.go	NONE	TestDefaultQueueDeadlineIsFiniteAtThreeHundredSeconds	-
internal/agent/approval/ticket84_no_owner_test.go	NONE	TestEveryAnswerRouteForAnUnknownCorrelationFailsFast	-
internal/agent/approval/ticket84_no_owner_test.go	NONE	TestAnUnreachablePromptSurfaceIsRefusedImmediatelyNotWaitedOut	-
internal/agent/approval/ticket84_no_owner_test.go	NONE	TestDefaultDeadlineWallClockMeasurement	t.Skip(
internal/agent/approval/ticket87_veto_l2_test.go	NONE	TestAVetoAgainstAnOnScreenL2CardEndsTheWaitNowAndStillRefuses	-
internal/agent/approval/ticket87_veto_l2_test.go	NONE	TestAVetoNamedByTheHostsOwnKeyStillRefusesThatCard	-
internal/agent/approval/ticket87_veto_l2_test.go	NONE	TestAnAmbiguousVetoNameIsNotGuessedOnTheRefusalSide	-
internal/agent/approval/ticket87_veto_l2_test.go	NONE	TestAVetoOnAnUnknownNameLeavesTheCardAllowableByItsOwnGrant	-
internal/agent/approval/ticket97_alias_direction_test.go	NONE	TestAnAliasCanNeverBuyAnAllow	-
internal/agent/approval/ticket97_alias_direction_test.go	NONE	TestEveryRefusalRouteOnAnUnknownEntryStillRefuses	-
internal/agent/approval/window_test.go	NONE	TestL1WindowTimeoutMeansExecute	-
internal/agent/approval/window_test.go	NONE	TestL1WindowVetoedByEachLoadedChannel	-
internal/agent/approval/window_test.go	NONE	TestL1WindowUnavailableVoiceChannelIsAnnounced	-
internal/agent/approval/window_test.go	NONE	TestL1WindowVetoOnForeignCorrelationCannotCancel	-
internal/agent/approval/window_test.go	NONE	TestL1WindowUnreachableUIFailsClosed	-
internal/agent/approval/window_test.go	NONE	TestUnadmittedTaskIsRefusedBeforeQueueing	-
internal/agent/approval/window_test.go	NONE	TestVetoAfterStartYieldsAppliedStepsReport	-
internal/agent/approval/window_test.go	NONE	TestVetoTravelsBackToTheLoopAsAFailure	-
internal/agent/compress_test.go	NONE	TestCompressFoldsOldestKeepsLastThreePreservesIDs	-
internal/agent/compress_test.go	NONE	TestCompressPreservesIDsEvenWhenSummarizerDropsThem	-
internal/agent/compress_test.go	NONE	TestCompressTriggerScalesWithWindow	-
internal/agent/compress_test.go	NONE	TestCompressNoopUnderThreshold	-
internal/agent/compress_trace_test.go	NONE	TestCompressionTraceBooksCountsOnSuccess	-
internal/agent/compress_trace_test.go	NONE	TestCompressionTraceSilentWhenNothingFolded	-
internal/agent/compress_trace_test.go	NONE	TestCompressionTraceSurvivesTheLoopWiring	-
internal/agent/compress_trace_test.go	NONE	TestCompressionTraceDoesNotAlterTheFold	-
internal/agent/compress_trace_test.go	NONE	TestCompressionTraceSilentWhenNothingFoldableOverThreshold	-
internal/agent/compress_trace_test.go	NONE	TestCompressionTraceCarriesTheOwningTaskID	-
internal/agent/compress_trace_test.go	NONE	TestCompressionTraceNeverInventsATaskID	-
internal/agent/control_test.go	NONE	TestControlWordsNeverReachTheProvider	-
internal/agent/control_test.go	NONE	TestNearMissUtterancesGoToTheLoop	-
internal/agent/control_test.go	NONE	TestDefaultControlCancelsRunningTask	-
internal/agent/control_test.go	NONE	TestControlWithoutAConsumerIsVisible	-
internal/agent/control_test.go	NONE	TestSteeringInsertsIntoNextRound	-
internal/agent/control_test.go	NONE	TestSteeringDisabled	-
internal/agent/control_test.go	NONE	TestRecordSinkToleratesConcurrentPublishers	-
internal/agent/corr_percall_242_test.go	NONE	TestCorrPerCallTwoAsksSameTask242	-
internal/agent/declared_l0_risk_179_test.go	NONE	TestDeclaredL0RunsWhenPassThroughIsOff179	-
internal/agent/declared_l0_risk_179_test.go	NONE	TestUnclassifiedCallStillRefusedWhenPassThroughIsOff179	-
internal/agent/declared_l0_risk_179_test.go	NONE	TestDeclaredL1L2RoutingUnchanged179	-
internal/agent/forensics_test.go	NONE	TestFailedTaskBooksOpenCallRowWithDecision	-
internal/agent/forensics_test.go	NONE	TestCancelledTaskPersistsTerminalRows	-
internal/agent/guard_test.go	NONE	TestLoopGuardLadderRemindersThenStuck	-
internal/agent/guard_test.go	NONE	TestLoopGuardLadderIsConfigurable	-
internal/agent/guard_test.go	NONE	TestLoopGuardResetsOnDifferentCall	-
internal/agent/guard_test.go	NONE	TestLoopGuardTokenBudgetScalesWithWindow	-
internal/agent/guard_test.go	NONE	TestPerToolTimeoutFires	-
internal/agent/guard_test.go	NONE	TestPerToolTimeoutOfContractHonestToolIsToolClass	-
internal/agent/guard_test.go	NONE	TestLoopGuardCanonicalizesEquivalentArgs	-
internal/agent/guard_test.go	NONE	TestLoopGuardKeepsDistinctArgsDistinct	-
internal/agent/guard_test.go	NONE	TestLoopGuardRepeatsNonJSONArgs	-
internal/agent/instructions_test.go	NONE	TestProjectInstructionsReachTheWireRequestBody	-
internal/agent/instructions_test.go	NONE	TestAssemblySplitsGuidanceFromUntrustedData	-
internal/agent/instructions_test.go	NONE	TestHostileInstructionFileMovesNoAuthorityKnob	-
internal/agent/instructions_test.go	NONE	TestProjectInstructionsAreNotANewD39Section	-
internal/agent/loop_golden_test.go	NONE	TestGoldenTextReply	-
internal/agent/loop_golden_test.go	NONE	TestGoldenSingleToolCall	-
internal/agent/loop_golden_test.go	NONE	TestGoldenParallelToolCalls	-
internal/agent/loop_golden_test.go	NONE	TestGoldenToolResultFeedsNextTurn	-
internal/agent/loop_golden_test.go	NONE	TestGoldenConcurrencyCeiling	-
internal/agent/loop_golden_test.go	NONE	TestToolExecutionRunsFourAcross	-
internal/agent/loop_golden_test.go	NONE	TestGoldenBudgetExhaustionStuck	-
internal/agent/loop_golden_test.go	NONE	TestGoldenCancellationEndToEnd	-
internal/agent/loop_golden_test.go	NONE	TestGoroutineBudgetDrains	-
internal/agent/loop_golden_test.go	NONE	TestTaskLogAndToolCallRows	-
internal/agent/loop_golden_test.go	NONE	TestGoldenProviderFailureIsVisible	-
internal/agent/prompt_test.go	NONE	TestCachePrefixIsByteStableAcrossTurns	-
internal/agent/prompt_test.go	NONE	TestPromptSectionCanonicalOrder	-
internal/agent/prompt_test.go	NONE	TestVolatileSuffixPutsSceneLast	-
internal/agent/prompt_test.go	NONE	TestD39SectionBudgetsAndTotalCeiling	-
internal/agent/prompt_test.go	NONE	TestEnforceTotalTerminatesAtEveryWindow	-
internal/agent/prompt_test.go	NONE	TestEnforceTotalTerminatesOnABelowBudgetSection	-
internal/agent/spill_acl_windows_test.go	WIN	TestAC3SpillArtifactLandsPrivate	-
internal/agent/spill_name_injectivity_test.go	NONE	TestArtifactNameDoesNotFoldDistinctIDs	-
internal/agent/spill_name_injectivity_test.go	NONE	TestSpilledBytesSurviveANameThatUsedToCollide	-
internal/agent/spill_name_injectivity_test.go	NONE	TestArtifactNameRoundTripsToTheExactID	-
internal/agent/spill_name_injectivity_test.go	NONE	TestArtifactNameIsCanonicalAndBounded	-
internal/agent/spill_name_injectivity_test.go	NONE	TestWriteFileExclusiveIsExclusive	-
internal/agent/spill_name_injectivity_test.go	NONE	TestSpillSameIDRetryOverwrites	-
internal/agent/spill_name_injectivity_test.go	NONE	TestSpillAcrossRestartsKeepsRetrySemantics	-
internal/agent/spill_path_invariant_test.go	NONE	TestSpillCallIDHostileShapesSanitizedToBareNames	-
internal/agent/spill_path_invariant_test.go	NONE	TestSpillContainmentByDirectoryListing	-
internal/agent/spill_path_invariant_test.go	NONE	TestSpillIntoRealStoreThenDeleteStaysUnderDataDir	-
internal/agent/spill_path_invariant_test.go	NONE	TestSpillAPITakesNoCallerControlledDestinationPath	-
internal/agent/spill_pointer_authority_ac3_174r4_test.go	NONE	TestSpillPointerAuthorityAsksWithTheCanonicalAnswer174r4	-
internal/agent/spill_pointer_honesty_174_test.go	NONE	TestSpillPointerUnwiredJudgeFailsClosed174	-
internal/agent/spill_pointer_honesty_174_test.go	NONE	TestSpillPointerOutsideAllowlistNamesBothRoadsBack174	-
internal/agent/spill_pointer_honesty_174_test.go	NONE	TestSpillPointerCanonicalizeFailureQuotesNoUpstreamText174	-
internal/agent/spill_pointer_honesty_174_test.go	NONE	TestSpillHealthyPointerStillMatchesThePreFixSentence174	-
internal/agent/spill_pointer_honesty_174_test.go	NONE	TestSpillPointerNoticeAddsNoSecondPath174	-
internal/agent/spill_pointer_honesty_174_test.go	NONE	TestSpillPointerNoticeKeepsHeadTailAndBudget174	-
internal/agent/spill_pointer_honesty_174_test.go	NONE	TestLoopSpillNoticeReachesHistoryUnwired174	-
internal/agent/spill_pointer_honesty_174_test.go	NONE	TestLoopHonorsConfigPointerJudgeQuietly174	-
internal/agent/spill_test.go	NONE	TestSpillThresholdScalesWithWindow	-
internal/agent/spill_test.go	NONE	TestSpillTokenBoundary	-
internal/agent/spill_test.go	NONE	TestSpillArtifactAndStubShape	-
internal/agent/spill_test.go	NONE	TestSpillRawHardCap	-
internal/agent/spill_test.go	NONE	TestSpillThroughLoop	-
internal/agent/spill_test.go	NONE	TestSpillArtifactRespectsRawCap	-
internal/agent/ticket285_corr_distinct_rulers_test.go	NONE	Test285CallCorrIsDistinctPerCall	-
internal/agent/ticket285_corr_distinct_rulers_test.go	NONE	Test285LoopDispatchesOneCorrPerCall	-
internal/agent/truncation_test.go	NONE	TestMaxTokensFailsAllToolCallsOfThatMessage	-
internal/agent/truncation_test.go	NONE	TestOpenToolCallAfterFailureIsFailed	-
internal/memory/artifacts_junction_tripwire_windows_test.go	WIN	TestAC2ReclaimWalkNeverDescendsIntoAJunction	exec.Command
internal/memory/artifacts_path_invariant_test.go	NONE	TestArtifactsAPITakesNoCallerControlledDestinationPath	-
internal/memory/artifacts_path_invariant_test.go	NONE	TestDeleteArtifactRejectsTheFourHostileShapes	-
internal/memory/artifacts_path_invariant_test.go	NONE	TestDeletePrivacyItemRejectsTheFourHostileShapes	-
internal/memory/artifacts_path_invariant_test.go	NONE	TestArtifactsContainmentByDirectoryListing	-
internal/memory/artifacts_path_invariant_test.go	NONE	TestArtifactsLiteralBackslashKeepsItsAsymmetry	-
internal/memory/artifacts_stray_test.go	NONE	TestStraySubdirectoryCannotHideBytesFromTheQuota	-
internal/memory/artifacts_stray_test.go	NONE	TestStraySubdirectorySharesTheQuotasLRUQueue	-
internal/memory/artifacts_stray_test.go	NONE	TestPurgeArtifactsReclaimsStraySubdirectory	-
internal/memory/artifacts_stray_test.go	NONE	TestStrayRemovalDoesNotFollowLinks	-
internal/memory/concurrent_test.go	NONE	TestConcurrentWritersReaders	time.Sleep;mic
internal/memory/concurrent_test.go	NONE	TestSubprocessCrashWriter	t.Skip(
internal/memory/concurrent_test.go	NONE	TestCrashRecoveryKillMidWrite	t.Skip(;exec.Command;time.Sleep;mic
internal/memory/dao_providerhealth_test.go	NONE	TestProviderHealthProbeRoundTrip	-
internal/memory/dao_providerhealth_test.go	NONE	TestProviderHealthRecordErrorAndList	-
internal/memory/dao_providerhealth_test.go	NONE	TestProviderHealthMissingRowIsNoRows	-
internal/memory/dao_test.go	NONE	TestProfileUpsertAndLRUEvictionLogs	-
internal/memory/dao_test.go	NONE	TestProfileDeleteAndPurge	-
internal/memory/dao_test.go	NONE	TestMemoryAddSearchDeletePurge	-
internal/memory/dao_test.go	NONE	TestTaskLogLifecycleAndErrorClassValidation	mic
internal/memory/dao_test.go	NONE	TestToolCallLifecycleAndValidation	-
internal/memory/dao_test.go	NONE	TestGrantCostPluginStateDAO	-
internal/memory/dao_test.go	NONE	TestWriteQueueLazyLifecycle	time.Sleep
internal/memory/dao_test.go	NONE	TestAdvPanicWedge	time.Sleep
internal/memory/migrate_v1seed_test.go	NONE	TestMigrateSeededV1DatabaseToV2	-
internal/memory/privacy_test.go	NONE	TestPrivacyOpsAllDomains	-
internal/memory/retention_test.go	NONE	TestRetentionBoundaries	-
internal/memory/retention_test.go	NONE	TestRetentionSchedule	time.Sleep
internal/memory/retention_test.go	NONE	TestArtifactsLRUQuota	-
internal/memory/retention_test.go	NONE	TestArtifactsDeleteAndPurgeAndGuards	-
internal/memory/schema_test.go	NONE	TestSchemaContractIntrospection	mic
internal/memory/schema_test.go	NONE	TestMigrateFreshDatabaseCreatesCurrentVersion	-
internal/memory/schema_test.go	NONE	TestMigrationChainWithBackup	-
internal/memory/schema_test.go	NONE	TestMigrationFailedStepIsAtomic	mic
internal/memory/schema_test.go	NONE	TestMigrationNewerSchemaIsUnmigratable	-
internal/memory/schema_test.go	NONE	TestMigrationForeignDatabaseIsUnmigratable	-
internal/memory/schema_test.go	NONE	TestParseVersionStrict	-
internal/models/acl_sid_121_test.go	NONE	TestAC47TrusteesAreJudgedBySIDNotByText	-
internal/models/acl_sid_121_test.go	NONE	TestAC48WrongSIDFindsNothing	-
internal/models/acl_sid_121_test.go	NONE	TestAC49UnresolvableTrusteeIsReportedNotSkipped	-
internal/models/assembly_reachability_121_test.go	NONE	TestAC3CapabilityPackagesReachTheCompositionRoot	-
internal/models/bridge_test.go	NONE	TestDownloadingWalkSuccess	-
internal/models/bridge_test.go	NONE	TestDownloadingWalkFailure	-
internal/models/bridge_test.go	NONE	TestDownloadingWalkRejectsIllegalEnter	-
internal/models/downloader_test.go	NONE	TestTamperedModelByteRejectedAndDeleted	-
internal/models/downloader_test.go	NONE	TestTamperedManifestFailsBeforeAnyDownload	-
internal/models/downloader_test.go	NONE	TestVerifySignatureFalseIsHardError	-
internal/models/downloader_test.go	NONE	TestResumeContinuesAtByteOffset	-
internal/models/downloader_test.go	NONE	TestMirrorFailoverAndProgressEvents	-
internal/models/downloader_test.go	NONE	TestCancelCleansStagingNoPartialsOutside	-
internal/models/downloader_test.go	NONE	TestLocalOverrideIntegrityNoNetwork	-
internal/models/downloader_test.go	NONE	TestCacheHitReverifiedEveryTime	-
internal/models/downloader_test.go	NONE	TestArchiveModelExtractsFlattensInstalls	-
internal/models/handoff_reuse_109_test.go	NONE	TestAC2NormalInstallAndSecondInstanceReuseAreNotBroken	-
internal/models/handoff_reuse_109_test.go	NONE	TestAC3WideTempRenameIsGuardedByTheReverifyNotByTheDescriptor	-
internal/models/handoff_window_109_test.go	NONE	TestAC1HandoffRefusesAModelSwappedAfterEnsureIsVerified	-
internal/models/handoff_window_109_windows_test.go	WIN	TestAC1TheWriteWindowIsAnInheritedCrossAccountRight	-
internal/models/handoff_window_109_windows_test.go	WIN	TestAC4InstallDirWidthIsDeliberateAndHasABreakLine	-
internal/models/manifest_real_test.go	NONE	TestRealManifestInRepoVerifies	-
internal/models/manifest_real_test.go	NONE	TestRealManifestAuthoringConsistency	-
internal/models/manifest_real_test.go	NONE	TestRealDownloadVadThroughPipeline	t.Skip(
internal/models/manifest_real_test.go	NONE	TestRealDownloadPuncArchiveThroughPipeline	t.Skip(
internal/models/manifest_real_test.go	NONE	TestP3BlockedModelRefused	-
internal/models/manifest_test.go	NONE	TestManifestParseSingleArtifact	-
internal/models/manifest_test.go	NONE	TestManifestParseMultiArtifactWithArchive	-
internal/models/manifest_test.go	NONE	TestManifestRejectsStructuralDrift	-
internal/models/manifest_test.go	NONE	TestManifestCombinedDigestContract	-
internal/models/minisign_test.go	NONE	TestMinisignRoundTrip	-
internal/models/minisign_test.go	NONE	TestMinisignTamperDetection	-
internal/models/minisign_test.go	NONE	TestMinisignFormatExactness	-
internal/models/minisign_test.go	NONE	TestMinisignRealKeyAcceptsBuildinfoPlaceholder	-
internal/models/minisign_test.go	NONE	TestMinisignRandomKeygenShape	-
internal/models/no_seal_ruling_test.go	NONE	TestAC3EveryInstalledFileIsReverifiedAtReadTime	-
internal/models/no_seal_ruling_windows_test.go	WIN	TestAC3ExtractionIsDeliberatelyNotSealed	-
internal/models/verify_cost_121_bench_test.go	NONE	BenchmarkAC6VerifyInstalledHandOffCost	-
internal/models/verify_cost_121_bench_test.go	NONE	BenchmarkAC6EnsureCacheHitIsTheSameCost	-
internal/models/verify_tree_121_other_test.go	POSIX	TestAC44SymlinkWhereTheManifestNamesAFile	-
internal/models/verify_tree_121_other_test.go	POSIX	TestAC45SymlinkInAnUnnamedPlace	-
internal/models/verify_tree_121_other_test.go	POSIX	TestAC46EnsureStillInstallsACleanTree	-
internal/models/verify_tree_121_test.go	NONE	TestAC41CleanInstallStillVerifies	-
internal/models/verify_tree_121_test.go	NONE	TestAC42UnnamedFileAndDirAreRefused	-
internal/models/verify_tree_121_test.go	NONE	TestAC43HandOffRefusesAnUnnamedFile	-
internal/tools/bridge_a18_kill_windows_test.go	WIN	TestA18RealTaskkillLeavesTheTargetWholeAndTheNextWriteReclaimsTheStagingFile	-
internal/tools/bridge_junction_windows_test.go	WIN	TestBridgeRefusesARealJunctionOnTheReadRoute	-
internal/tools/bridge_junction_windows_test.go	WIN	TestBridgeWritesNothingThroughARealJunction	-
internal/tools/bridge_junction_windows_test.go	WIN	TestJunctionInsideAnAllowedRootCannotReachAnAListFile	t.Setenv
internal/tools/bridge_junction_windows_test.go	WIN	TestBridgeRefusesTheRealShortNameOfAnAListFile	t.Setenv
internal/tools/bridge_junction_windows_test.go	WIN	TestShortNameSpellingGetsTheSameVerdictAsTheLongOne	-
internal/tools/bridge_junction_windows_test.go	WIN	TestWavedThroughJunctionWriteBooksAnApprovedRowThatWroteNothing	-
internal/tools/bridge_path_account_ticket105_test.go	NONE	TestRealToolCallWritesRewriteAccountIntoAudit	t.Setenv
internal/tools/bridge_path_account_ticket105_test.go	NONE	TestUnusableRootIsVisibleInTheAuditRecord	t.Setenv
internal/tools/bridge_path_account_ticket105_test.go	NONE	TestAccountRecordIsWrittenEvenWithNothingToReport	-
internal/tools/bridge_scope_open_ticket158_test.go	NONE	TestSensitiveReadAcrossTheBridgeOpensItsTaskScope	-
internal/tools/bridge_test.go	NONE	TestC1ToolContract	-
internal/tools/bridge_test.go	NONE	TestToolConcurrencyCeilingIsFour	mic
internal/tools/bridge_test.go	NONE	TestPerToolTimeoutHonoredViaContext	-
internal/tools/bridge_test.go	NONE	TestCapabilitySetIsFrozen	-
internal/tools/bridge_test.go	NONE	TestUndeclaredCapabilityHardRejects	-
internal/tools/bridge_test.go	NONE	TestC4SlotsWithoutAnImplementationAreNotSilent	-
internal/tools/bridge_test.go	NONE	TestC4RegistryRejectsBadDeclarations	-
internal/tools/bridge_test.go	NONE	TestRiskDecisionRoutesEachLevelToItsBranch	-
internal/tools/bridge_test.go	NONE	TestDeclaredRiskIsOnlyAFloor	-
internal/tools/bridge_test.go	NONE	TestToolCallRowsAreComplete	-
internal/tools/bridge_test.go	NONE	TestBridgeIsTheLoopToolProvider	-
internal/tools/failclosed_236_teeth_test.go	NONE	Test236R2TaskCancelRefusesWhenHostGaveNoCallerID	-
internal/tools/failclosed_236_teeth_test.go	NONE	Test236R2TaskCancelRefusesWhenRosterIsUnwired	-
internal/tools/failclosed_236_teeth_test.go	NONE	Test236R2TaskSpawnRefusesWhenRosterIsUnwired	-
internal/tools/failclosed_236_teeth_test.go	NONE	Test236R2TaskSpawnRefusesWhenParentToolsIsUnwired	-
internal/tools/failclosed_236_teeth_test.go	NONE	Test236R2TaskSpawnRefusesWhenBaseOptionsIsUnwired	-
internal/tools/failclosed_236_teeth_test.go	NONE	Test236R2TaskSpawnRefusesWhenHostGaveNoTaskID	-
internal/tools/fs_edit_ac34_test.go	NONE	TestFSEditKeepsABOMItWasNotAskedToTouch	-
internal/tools/fs_edit_ac34_test.go	NONE	TestFSEditOnACRLFFileRefusesAnLFSpelledOld	-
internal/tools/fs_edit_ac34_test.go	NONE	TestFSEditOnACRLFFileAppliesACRLFSpelledOldAndStaysCRLF	-
internal/tools/fs_edit_ac34_test.go	NONE	TestFSEditDoesNotRewriteAnLFFilesLineEndings	-
internal/tools/fs_edit_ac34_test.go	NONE	TestFSEditLineEndingForensicsRefusesRealSpellings	-
internal/tools/fs_edit_ac34_test.go	NONE	TestFSEditSilentShapeChangesLandToday	-
internal/tools/fs_edit_ac34_test.go	NONE	TestFSEditKilledMidWriteLeavesTheTargetByteIdentical	mic
internal/tools/fs_edit_ac34_test.go	NONE	TestFSEditWithoutTheStagedWriterWouldCorruptTheTarget	-
internal/tools/fs_edit_ac3b_test.go	NONE	TestFSEditRefusesAnOldThatSwallowsTheFileBOM	-
internal/tools/fs_edit_ac3b_test.go	NONE	TestFSEditStillLandsAnOldStartingAtByteZeroWithoutABOM	-
internal/tools/fs_edit_ac3b_test.go	NONE	TestFSEditCannotBeFedAPartialBOMThroughJSON	-
internal/tools/fs_edit_ac3b_test.go	NONE	TestFSEditRefusesALFSpelledNewInAPureCRLFFile	-
internal/tools/fs_edit_ac3b_test.go	NONE	TestFSEditStillLandsNewEndingsWhereThereIsNoConventionToBreak	-
internal/tools/fs_edit_ac3b_test.go	NONE	TestFSEditLeavesNeitherTheCRLFNorTheBareLFOfAMixedFileRewritten	-
internal/tools/fs_edit_ac4b_kill_windows_test.go	WIN	TestFSEditRealTaskkillLeavesTheTargetWholeAndNamesTheStagingResidue	-
internal/tools/fs_edit_ac5_gate_r4_test.go	NONE	TestFSEditAndFSWriteShareTheOutOfScopeVerdict	-
internal/tools/fs_edit_ac5_gate_r4_test.go	NONE	TestFSEditRoutesToApprovalNotTheL1Window	-
internal/tools/fs_edit_ac5_gate_r4_test.go	NONE	TestFSEditOutOfScopeIsJudgedFromTheDeclaredPathNotTheToolWord	-
internal/tools/fs_edit_ac5_gate_r4_test.go	NONE	TestFSEditRefusesAPathC26CannotCanonicalize	-
internal/tools/fs_edit_ac5_sweep_r4_windows_test.go	WIN	TestFSEditWriteReclaimsADeadWritersOrphan	-
internal/tools/fs_edit_test.go	NONE	TestFSEditRefusesANonLiteralOld	-
internal/tools/fs_edit_test.go	NONE	TestFSEditRefusesAnAmbiguousOldIsADistinctError	-
internal/tools/fs_edit_test.go	NONE	TestFSEditRefusesAnEmptyOldIsAWholeFileInsert	-
internal/tools/fs_edit_test.go	NONE	TestFSEditIsAllOrNothingAcrossABatch	-
internal/tools/fs_edit_test.go	NONE	TestFSEditAppliesABatchOnDisk	-
internal/tools/fs_staging_windows_test.go	WIN	TestSweepReclaimsOnlyItsOwnStagingFiles	-
internal/tools/fs_staging_windows_test.go	WIN	TestSweepNamingSchemeRejectsNearMisses	-
internal/tools/fs_staging_windows_test.go	WIN	TestSweepNeverDeletesThroughARealJunction	-
internal/tools/fs_staging_windows_test.go	WIN	TestSweepSparesATempFileHeldByAnotherProcess	exec.Command;time.Sleep
internal/tools/fs_test.go	NONE	TestFSReadReturnsTheFileAndTaintsIt	-
internal/tools/fs_test.go	NONE	TestFSReadTaintFeedsR4	-
internal/tools/fs_test.go	NONE	TestFSListSummarizesADirectory	-
internal/tools/fs_test.go	NONE	TestFSListHonoursItsCap	-
internal/tools/fs_test.go	NONE	TestEmptyAllowlistAuthorizesNothing	-
internal/tools/fs_test.go	NONE	TestSensitiveFileIsDeniedNotEscalated	t.Setenv
internal/tools/fs_test.go	NONE	TestFSRegistrationIsTheD34Roster	-
internal/tools/fs_test.go	NONE	TestDeleteEnabledAddsFSDelete	-
internal/tools/fs_test.go	NONE	TestToolsDirectoryShape	-
internal/tools/fs_write_test.go	NONE	TestD34WriteMatrix	-
internal/tools/fs_write_test.go	NONE	TestCrossVolumeRuleIsR8	-
internal/tools/fs_write_test.go	NONE	TestOverwriteDetectionFollowsTheCanonicalPath	-
internal/tools/fs_write_test.go	NONE	TestAtomicWriteKillsMidWrite	mic
internal/tools/fs_write_test.go	NONE	TestWriteRefusesABodyOverTheCap	-
internal/tools/fs_write_test.go	NONE	TestFSTrashGoesToTheRecycleBin	-
internal/tools/fs_write_test.go	NONE	TestFSTrashNeverFallsBackToAnUnlink	-
internal/tools/fs_write_test.go	NONE	TestDeleteIsAbsentFromTheRosterWhenTheFlagIsOff	-
internal/tools/fs_write_test.go	NONE	TestDeleteEnabledRegistersItAsL2	-
internal/tools/fs_write_test.go	NONE	TestFSMoveSameVolume	-
internal/tools/fs_write_test.go	NONE	TestCrossVolumeMoveStopsWithTwoCopiesOnLateStop	-
internal/tools/fs_write_test.go	NONE	TestVetoAfterWorkStartedProducesAppliedSteps	-
internal/tools/fs_write_test.go	NONE	TestCancelBusIsNotWiredMeansNoVetoChannel	-
internal/tools/fswrite_silentloss_ac1_test.go	NONE	TestFSWriteSilentLossIsNotReported	-
internal/tools/grant_test.go	NONE	TestTicket224LiveGrantStopsTheL1Question	-
internal/tools/grant_test.go	NONE	TestTicket224PartialPathCoverageStillAsks	-
internal/tools/grant_test.go	NONE	TestTicket224SessionGrantNeverCoversL2	-
internal/tools/grant_test.go	NONE	TestTicket224SessionGrantNeverCoversDeny	t.Setenv
internal/tools/grant_test.go	NONE	TestTicket224GrantSourceThatCannotAnswerMeansAsking	-
internal/tools/grant_test.go	NONE	TestTicket224PathlessCallIsNeverGranted	-
internal/tools/grant_test.go	NONE	TestTicket224GrantedCallBooksAllowSessionGrantWithItsRow	-
internal/tools/grant_test.go	NONE	TestTicket224GrantSeamCarriesNoCallerSuppliedAuthority	-
internal/tools/loop_approval_test.go	NONE	TestLoopPassesDeclaredL1WriteThroughTheGate	-
internal/tools/loop_approval_test.go	NONE	TestLoopStillRefusesL1WhenNoGateIsRegistered	-
internal/tools/paths_rewrite_ticket102_test.go	NONE	TestPathCanonicalizerAccountsForRewrittenRoots	t.Setenv
internal/tools/paths_shortname_252_probe_test.go	WIN	TestTicket252P1AllowlistLegs	-
internal/tools/paths_shortname_252_probe_test.go	WIN	TestTicket252P1OwnerMachineReachability	-
internal/tools/paths_shortname_252_probe_test.go	WIN	TestTicket252P1EnvSpellingCensus	-
internal/tools/paths_shortname_252_r1_test.go	WIN	TestTicket252R1ShortSpellingOfNewFileIsAuthorized	-
internal/tools/paths_shortname_252_r1_test.go	WIN	TestTicket252R1BothSpellingsAnswerTheSame	-
internal/tools/paths_shortname_252_r1_test.go	WIN	TestTicket252R1AlignmentAddsNoAuthorization	-
internal/tools/paths_shortname_252_r1_test.go	WIN	TestTicket252R1CanonicalStillNamesOneTree	-
internal/tools/paths_ticket107_portable_test.go	NONE	TestTicket107AllowlistJudgmentTwoShapes	t.Setenv
internal/tools/paths_ticket107_portable_test.go	NONE	TestTicket107AllowlistBoundaryIsComponentWise	-
internal/tools/paths_ticket107b_probes_test.go	NONE	TestTicket107bProbeASymlinkedRewrittenRootAuthorizesNothing	t.Setenv
internal/tools/paths_ticket107b_probes_test.go	NONE	TestTicket107bProbeCLinkInsideAllowedRootStaysOutside	t.Setenv
internal/tools/paths_ticket107b_probes_test.go	NONE	TestTicket107bProbeBJudgedTreeIsTheOpenedTree	-
internal/tools/paths_twocontainments_252_r2_test.go	NONE	TestTicket252R2ResolvedLegRefusesWhatOnlyItRefuses	-
internal/tools/paths_twocontainments_252_r2_test.go	NONE	TestTicket252R2BothContainmentsReachable	-
internal/tools/paths_twocontainments_252_r2_windows_test.go	WIN	TestTicket252R2LexicalLegRefusesWhatOnlyItRefuses	-
internal/tools/paths_workspace_account_181r3_test.go	NONE	TestWorkspaceRootAnswersWithTheAccountThatProducedTheNarrowing	-
internal/tools/paths_workspace_account_181r3_test.go	NONE	TestWorkspaceRootReportsARealRewrittenAccountRecordedByC26	t.Setenv
internal/tools/paths_workspace_account_181r3_test.go	NONE	TestSetWorkspaceRootRefusesAnAccountAboutAnotherTree	-
internal/tools/paths_workspace_account_181r3_test.go	NONE	TestClearWorkspaceDropsTheAccountWithTheRoot	-
internal/tools/paths_workspace_test.go	NONE	TestWorkspaceSwitchNarrowsWhatTheAssessorJudges	-
internal/tools/paths_workspace_test.go	NONE	TestWorkspaceSwitchRefusesOutOfScopeAndMissingPaths	-
internal/tools/paths_workspace_test.go	NONE	TestWorkspaceSwitchRefusesAnExpandedSpelling	t.Skip(
internal/tools/paths_workspace_test.go	NONE	TestWorkspaceSwitchRefusesAJunctionToOutside	exec.Command
internal/tools/pathshape_portable_test.go	NONE	TestCanonicalizeReturnsAPathTheOSCanOpen	-
internal/tools/pathshape_portable_test.go	NONE	TestCanonicalizeAgreesWithTheOSName	-
internal/tools/pathshape_portable_test.go	NONE	TestFoldPathKeepsPosixBackslashesDistinct	-
internal/tools/pathshape_portable_test.go	NONE	TestDirOfBaseOfCutOnThePlatformSeparator	-
internal/tools/pointer_183_cli_seam_test.go	NONE	TestPointer183BackfilledArtifactRereadStaysClean	-
internal/tools/pointer_183_cli_seam_test.go	NONE	TestPointer183SiblingArtifactInTheSameDirectoryStillHits	-
internal/tools/pointer_185_cli_seam_test.go	NONE	TestPointer185SecondRereadOfTheSameArtifactStaysClean	-
internal/tools/pointer_185_cli_seam_test.go	NONE	TestPointer185PagedRereadsKeepWorking	-
internal/tools/pointer_185_cli_seam_test.go	NONE	TestPointer185ForeignFileCarryingTheHostPathStillBlocksTheReread	-
internal/tools/pointer_185_cli_seam_test.go	NONE	TestPointer185AModelNominatedFileIsNotRostered	-
internal/tools/pointer_185_cli_seam_test.go	NONE	TestPointer185AnotherTaskCannotBorrowTheRoster	-
internal/tools/pointer_185_cli_seam_test.go	NONE	TestPointer185SiblingHostArtifactIsNotLaundered	-
internal/tools/recycle_windows_test.go	WIN	TestRecycleBinStructLayoutMatchesWin32	HWND
internal/tools/recycle_windows_test.go	WIN	TestShellTrashLeavesARecycleBinEntryTheOSCanEnumerate	t.Skip(
internal/tools/recycle_windows_test.go	WIN	TestShellTrashRefusesAMissingPathWithoutDeletingAnything	-
internal/tools/subagent_197_test.go	NONE	Test197SpawnPublishesIdentityRow	-
internal/tools/subagent_197_test.go	NONE	Test197RowExistsBeforeFirstChildModelCall	-
internal/tools/subagent_197_test.go	NONE	Test197SubagentPoolNeverExceedsBridgeCeiling	-
internal/tools/subagent_197_test.go	NONE	Test197SpawnDescriptionNamesTheRealPoolCap	-
internal/tools/subagent_197_test.go	NONE	Test197SubagentPoolCapsAtBridgeCeiling	-
internal/tools/subagent_197_test.go	NONE	Test197FullPoolRefusesNextSpawnWithReadableReason	-
internal/tools/subagent_197_test.go	NONE	Test197ChildCannotDeriveSubagent	-
internal/tools/subagent_197_test.go	NONE	Test197ConclusionCarriesTaskOutputTaint	-
internal/tools/subagent_197_test.go	NONE	Test197CancelIsPerRowAndNeverCascades	watcher
internal/tools/subagent_197_test.go	NONE	Test197SubagentHasNoSelfApprovalOutlet	-
internal/tools/subagent_197_test.go	NONE	Test197StreamKeyShapeIsLiteral	-
internal/tools/subagent_222_test.go	NONE	Test222SpawnConclusionArrivesThroughRealBridgeChildren	mic
internal/tools/subagent_222_test.go	NONE	Test222WaitingParentHoldsNoBridgeSlot	mic
internal/tools/subagent_222_test.go	NONE	Test222CeilingStillCapsExecutedCallsWhileParentsWait	-
internal/tools/task_cancel_221_legs_test.go	NONE	Test221TaskCancelIsRegisteredAtItsFrozenLevel	-
internal/tools/task_cancel_221_legs_test.go	NONE	Test221DeferredMarkerForCancelLiftedButListStillMarked	-
internal/tools/task_cancel_221_legs_test.go	NONE	Test221SpawnDescriptionPromisesOnlyWhatIsTrue	-
internal/tools/task_cancel_221_legs_test.go	NONE	Test221ParentStopsItsOwnChildRowAndStreamSettle	watcher
internal/tools/task_cancel_221_legs_test.go	NONE	Test221SubagentCannotStopSiblingOrItself	-
internal/tools/task_cancel_221_legs_test.go	NONE	Test221ParentCancellationStillDoesNotCascade	-
internal/tools/task_cancel_221_legs_test.go	NONE	Test221TaskCancelUnderNoGateStopsAtTheWindow	-
internal/tools/task_cancel_221_test.go	NONE	Test221EveryPromisedTaskNameIsRegistered	-
internal/tools/task_output_ac2_before_test.go	NONE	TestTaskOutputAC2BeforeLegIsUnreachable	-
internal/tools/task_output_canonicalize_fail_174_test.go	NONE	TestCanonicalizeFailureFailsClosedInReply174	-
internal/tools/task_output_canonicalize_fail_174_test.go	NONE	TestCanonicalizeFailureIsNotTheUnwiredArm174	-
internal/tools/task_output_leg_test.go	NONE	TestTaskOutputAC2AfterLegIsReachable	-
internal/tools/task_output_leg_test.go	NONE	TestUnknownTaskIDIsLoudNotEmpty	-
internal/tools/task_output_leg_test.go	NONE	TestMissingArgsAndUnwiredRoster	-
internal/tools/task_output_leg_test.go	NONE	TestLongOutputPointerRecoversEveryByte	-
internal/tools/task_output_leg_test.go	NONE	TestTruncationShapeIsTheD15Triple	-
internal/tools/task_output_leg_test.go	NONE	TestTruncationBudgetsAreRead	-
internal/tools/task_output_leg_test.go	NONE	TestNoCopyFileAnnouncesLoss	-
internal/tools/task_output_leg_test.go	NONE	TestPointerPast256KiBIsNotFullyReadable	-
internal/tools/task_output_leg_test.go	NONE	TestRosterIsNotAPathSurface	-
internal/tools/task_output_pointer_notice_test.go	NONE	TestPointerOutsideAuthorizedRootSpeaks	-
internal/tools/task_output_pointer_notice_test.go	NONE	TestPointerToMissingCopyFileSpeaks	-
internal/tools/task_output_pointer_notice_test.go	NONE	TestPointerToNonRegularPathSpeaks	-
internal/tools/task_output_pointer_notice_test.go	NONE	TestHealthyPointerStaysSilent	-
internal/tools/task_output_pointer_notice_test.go	NONE	TestUnwiredJudgeFailsClosedInReply	-
internal/tools/task_output_pointer_notice_test.go	NONE	TestBothPointerDefectsAreReportedSeparately	-
internal/tools/task_output_pointer_notice_test.go	NONE	TestPointerNoticeKeepsTheD153StubShape	-
internal/tools/task_output_pointer_notice_test.go	NONE	TestHealthyReplyStillMatchesThePreFixTemplate	-
internal/tools/task_output_pointer_notice_test.go	NONE	TestCanonicalizeErrorNoticeMustNotRelayTheFiledPath174r3	-
internal/tools/task_output_pointer_notice_test.go	NONE	TestLeakProbeTokenOnALegalPathStaysSilent174r3	-
internal/tools/task_pointer_authority_ac3_174r4_windows_test.go	WIN	TestPointerAuthorityFollowsC26NotTheSpelling174r4	-
internal/tools/task_pointer_authority_ac3_174r4_windows_test.go	WIN	TestPointerAuthorityNarrowsWithWorkspaceNotLexicalRoot174r4	-
internal/tools/task_pointer_authority_ac3_174r4_windows_test.go	WIN	TestPointerCheckWritesNothing174r4	-
internal/tools/task_state_188_test.go	NONE	TestTaskState188AC2VocabularyIsD43Only	-
internal/tools/task_state_188_test.go	NONE	TestTaskState188AC2ValueComesFromTheRoster	-
internal/tools/task_state_188_test.go	NONE	TestTaskState188AC2BackfillIsTheGoSideProducer	-
internal/tools/task_state_188_test.go	NONE	TestTaskState188AC3PanelHasNoWriteLeg	-
internal/tools/tasklist_deferred_236r3_teeth_test.go	NONE	Test236R3TaskListDeferralIsPinnedByTheRosterNotByAComment	-
internal/tools/tasklist_deferred_236r3_teeth_test.go	NONE	Test236R3InstrumentFactReadDiskIsBlindToOverlayCarriesIt	-
internal/tools/ticket175r2_stamp_live_test.go	NONE	TestTaskOutputStampedOnRealBridge175r2	-
internal/tools/ticket175r2_stamp_live_test.go	NONE	TestNonContentResultStaysUnmarked175r2	-
internal/tools/ticket175r2_stamp_live_test.go	NONE	TestForeignMentionOfHostPathStillHitsR4OnRealBridge175r2	-
internal/tools/ticket175r2_stamp_live_test.go	NONE	TestHostMintedPointerRereadStaysCleanOnRealBridge175r2	-
internal/tools/ticket175r2_stamp_live_test.go	NONE	TestEveryRegisteredToolIsClassifiedForMarking175r2	-
internal/tools/ticket176r1_start_port_test.go	NONE	TestBackfillFilesTheRealSpilledArtifact176r1	-
internal/tools/ticket176r1_start_port_test.go	NONE	TestTaskArtifactKeyStaysOutOfTheCallIDNamespace176r1	-
internal/tools/ticket176r1_start_port_test.go	NONE	TestNoRosterWriteAfterCancel176r1	-
internal/tools/ticket176r1_start_port_test.go	NONE	TestTerminalWriteCarrierStaysOutOfScope176r1	-
internal/tools/ticket224_grantid_column_test.go	NONE	TestTicket224GrantIDColumnRoundTripsThroughTheRealStore	-
internal/tools/ticket224_setter_scope_test.go	NONE	TestTicket224BridgeGrantChannelIsOneSeamWithNoSetter	-
internal/tools/ticket283_corr_identity_rulers_test.go	NONE	Test283TaskIDAccessorIsTheTaskIDNotTheCorr	-
internal/tools/ticket283_corr_identity_rulers_test.go	NONE	Test283IdentityChainThroughTheRealLoop	-
internal/tools/ticket285_corr_rows_rulers_test.go	NONE	Test285RosterRowsCarryDistinctCorrPerCall	-
internal/tools/ticket90_test.go	NONE	TestTicket90ModeReachesRoutingAsParameter	-
internal/tools/ticket90_test.go	NONE	TestTicket90TwoBridgesDoNotShareOneMode	-
internal/tools/ticket90_test.go	NONE	TestTicket90UnwiredModeSourceIsTheStrictestMode	-
internal/tools/ticket90_test.go	NONE	TestTicket90IrreversibleStillAsksInEveryMode	-
internal/tools/ticket90_test.go	NONE	TestTicket90TaintEscalationNeverSilenced	-
internal/tools/ticket90_test.go	NONE	TestTicket90TierADenySurvivesEveryMode	t.Setenv
internal/tools/ticket90_test.go	NONE	TestTicket90ModeCarriesNoAllowAuthority	-
internal/tools/ticket90_test.go	NONE	TestTicket90BlacklistGateIsCalledOnLivePath	-
internal/tools/wiring_test.go	NONE	TestL1WriteGoesThroughTheRealBlockWindow	-
internal/tools/wiring_test.go	NONE	TestVetoInsideTheWindowWritesNothing	-
internal/tools/wiring_test.go	NONE	TestLateVetoRendersTheApprovalLayersAppliedStepsReport	mic
internal/tools/wiring_test.go	NONE	TestApprovedL2ThatStopsMidWriteIsNotRenderedAsNeverStarted	-
internal/tools/wiring_test.go	NONE	TestFSReadOnlyNeverOpensACard	-
rc=0  # R4. cols: file | file-tag-class | top-level case name | precondition tokens found INSIDE THE CASE BODY (content anchors: mic/env/skip/net/exec/registry/window/frontend). '-' = none of the 20 tokens in the body.
