docs/evidence/s1/103-adversarial-acceptance.md:130	C:/Users/.../002/data/link/sub/keep-me.txt	drive
docs/evidence/s1/103-adversarial-acceptance.md:142	C:/Users/.../002/data/link/sub/keep-me.txt	drive
docs/evidence/s1/103-adversarial-acceptance.md:240	/bin/gofumpt.exe	posix-abs
docs/evidence/s1/104-adversarial-acceptance.md:90	/tmp/ac104-probe-fk/internal/winsec/zz_acceptor_probe_104_windows_test.go	posix-abs
docs/evidence/s1/104-adversarial-acceptance.md:119	/tmp/ac104-mutate.py	posix-abs
docs/evidence/s1/104-adversarial-acceptance.md:181	/bin/gofumpt.exe	posix-abs
docs/evidence/s1/104-adversarial-acceptance.md:265	/tmp/ac104-mutate.py	posix-abs
docs/evidence/s1/104-adversarial-acceptance.md:283	/tmp/ac104-fk/internal/winsec/winsec_windows.go	posix-abs
docs/evidence/s1/104-adversarial-acceptance.md:290	/tmp/ac104-probe-fk/run-probes.log	posix-abs
docs/evidence/s1/105-adversarial-acceptance.md:163	/bin/gofumpt.exe	posix-abs
docs/evidence/s1/107-adversarial-acceptance.md:108	/tmp/accept107/paths.go	posix-abs
docs/evidence/s1/108-adversarial-acceptance.md:68	/tmp/.../data/link/keep-me.txt	posix-abs
docs/evidence/s1/108-adversarial-acceptance.md:109	/bin/gofumpt.exe	posix-abs
docs/evidence/s1/109-adversarial-acceptance.md:80	/tmp/ac109b-qz/internal/models/zz_probe109b_test.go	posix-abs
docs/evidence/s1/109-adversarial-acceptance.md:218	/bin/gofumpt.exe	posix-abs
docs/evidence/s1/109-adversarial-acceptance.md:248	/tmp/ac109b-qz/internal/models/zz_probe109b_windows_test.go	posix-abs
docs/evidence/s1/109-adversarial-acceptance.md:270	/tmp/ac109b-qz/internal/models/zz_cost109b_test.go	posix-abs
docs/evidence/s1/109-adversarial-acceptance.md:345	/bin/gofumpt.exe	posix-abs
docs/evidence/s1/110-adversarial-acceptance.md:16	/tmp/winsec_windows.go	posix-abs
docs/evidence/s1/116-adversarial-acceptance.md:85	/bin/gofumpt.exe	posix-abs
docs/evidence/s1/117-adversarial-acceptance.md:181	/tmp/ac117-legB-A.txt	posix-abs
docs/evidence/s1/117-adversarial-acceptance.md:330	C:/Users/swq/AppData/Local/Temp/ac117-gate/bin-a117/wisp-a117.exe	drive
docs/evidence/s1/117-adversarial-acceptance.md:432	/bin/gofumpt.exe	posix-abs
docs/evidence/s1/118-adversarial-acceptance.md:227	/bin/gofumpt.exe	posix-abs
docs/evidence/s1/118-adversarial-acceptance.md:289	C:\f.txt	drive
docs/evidence/s1/119-ac1-ac2-r2-acceptance.md:497	C:/Users/swq/.qoder-cn/bin/git/scripts/r2-run1.sh	drive
docs/evidence/s1/119-ac7-impl.md:341	/bin/gofumpt.exe	posix-abs
docs/evidence/s1/119-ac7-r1-acceptance.md:51	/tmp/ac7_head.txt	posix-abs
docs/evidence/s1/119-ac7-r1-acceptance.md:52	/tmp/ac7_disk.txt	posix-abs
docs/evidence/s1/119-ac7-r1-acceptance.md:53	/tmp/ac7_head.txt	posix-abs
docs/evidence/s1/119-ac7-r1-acceptance.md:53	/tmp/ac7_disk.txt	posix-abs
docs/evidence/s1/119-ac7-r1-acceptance.md:113	/bin/gofumpt.exe	posix-abs
docs/evidence/s1/121-adversarial-acceptance.md:90	/tmp/ac121-bfs.py	posix-abs
docs/evidence/s1/124-ac2b-1-conversion.md:179	/bin/gofumpt.exe	posix-abs
docs/evidence/s1/124-ac2b-2-conversion.md:211	/bin/gofumpt.exe	posix-abs
docs/evidence/s1/124-ac2b-3a-conversion.md:207	/bin/gofumpt.exe	posix-abs
docs/evidence/s1/126-adversarial-acceptance.md:399	/bin/gofumpt.exe	posix-abs
docs/evidence/s1/126-adversarial-acceptance.md:455	C:\ac126-file-probe.txt	drive
docs/evidence/s1/127-adversarial-acceptance.md:214	/tmp/ac127-probe.exe	posix-abs
docs/evidence/s1/127-adversarial-acceptance.md:309	/bin/gofumpt.exe	posix-abs
docs/evidence/s1/127-adversarial-acceptance.md:496	/tmp/ac127-probe.exe	posix-abs
docs/evidence/s1/128-ac4-gates-and-ci-divergence.md:233	/bin/gofumpt.exe	posix-abs
docs/evidence/s1/128-ac4-r1-acceptance.md:412	/bin/gofumpt.exe	posix-abs
docs/evidence/s1/129-ac4-ac5-mutation-and-gates.md:14	/tmp/wisp129c-s23-base-run.log	posix-abs
docs/evidence/s1/129-ac4-ac5-mutation-and-gates.md:30	/tmp/wisp129c-s23-base-pass.txt	posix-abs
docs/evidence/s1/129-ac4-ac5-mutation-and-gates.md:52	/tmp/wisp129c-s23-mut1-run.log	posix-abs
docs/evidence/s1/129-ac4-ac5-mutation-and-gates.md:83	/tmp/wisp129c-s23-mut1-restored-pass.txt	posix-abs
docs/evidence/s1/129-adversarial-acceptance.md:336	/tmp/w129-mb-mb.log	posix-abs
docs/evidence/s1/129-adversarial-acceptance.md:583	/tmp/w129-mb-mb.log	posix-abs
docs/evidence/s1/130-ac1-inventory-and-ruling.md:128	/tmp/wisp130-audit/wisp.exe	posix-abs
docs/evidence/s1/131-adversarial-acceptance.md:57	/bin/gofumpt.exe	posix-abs
docs/evidence/s1/131-adversarial-acceptance.md:192	/tmp/wisp131-x4.exe	posix-abs
docs/evidence/s1/131-adversarial-acceptance.md:348	/tmp/wisp131-x12.exe	posix-abs
docs/evidence/s1/131-followup-0-crossplatform.md:139	/bin/gofumpt.exe	posix-abs
docs/evidence/s1/131-followup-1-three-shapes.md:65	/tmp/wisp131-r2-x4.exe	posix-abs
docs/evidence/s1/131-followup-1-three-shapes.md:68	/tmp/wisp131-r2-x4.exe	posix-abs
docs/evidence/s1/131-followup-1-three-shapes.md:108	/tmp/wisp131-acc131r2-x12-aliasnewleg/cmd/wisp/fake131.go	posix-abs
docs/evidence/s1/131-followup-1-three-shapes.md:114	/tmp/wisp131-r2-x12.exe	posix-abs
docs/evidence/s1/131-followup-1-three-shapes.md:160	/tmp/wisp131-r2-x13.exe	posix-abs
docs/evidence/s1/131-followup-1-three-shapes.md:277	/bin/gofumpt.exe	posix-abs
docs/evidence/s1/131-followup-2-ratification-and-linux.md:135	/tmp/wisp131-r2-base-c2.log	posix-abs
docs/evidence/s1/131-reaccept-ac4.md:52	/bin/gofumpt.exe	posix-abs
docs/evidence/s1/131-reaccept-ac4.md:57	/tmp/wisp131-acc-r3-base-count2.log	posix-abs
docs/evidence/s1/131-reaccept-ac4.md:406	/tmp/wisp131-r3-z1.exe	posix-abs
docs/evidence/s1/131-reaccept-ac4.md:452	/tmp/wisp131-acc-r3-base-count2.log	posix-abs
docs/evidence/s1/131-reaccept-ac4.md:453	/tmp/wisp131-r3-old-full.log	posix-abs
docs/evidence/s1/131-reaccept-ac4.md:453	/tmp/wisp131-r3-linux.log	posix-abs
docs/evidence/s1/131-reaccept-ac4.md:457	/tmp/wisp131-r3-z1.exe	posix-abs
docs/evidence/s1/131-reaccept-ac4.md:459	/tmp/x4-main.go	posix-abs
docs/evidence/s1/133-ac1-ac2-instrument.md:55	/tmp/wisp133-run-v2.sh	posix-abs
docs/evidence/s1/133-ac1-ac2-instrument.md:55	/tmp/wisp133-edit.py	posix-abs
docs/evidence/s1/133-ac1-ac2-instrument.md:58	/tmp/wisp133c-out/summary.txt	posix-abs
docs/evidence/s1/133-ac1-ac2-instrument.md:101	/tmp/wisp133c-out/N3-3-doorclosed.txt	posix-abs
docs/evidence/s1/134-ac2-ac3-trigger-and-freshness-pin.md:116	/tmp/wisp134/ci_nosched.yml	posix-abs
docs/evidence/s1/134-ac2-ac3-trigger-and-freshness-pin.md:121	/tmp/wisp134/ci_nopush.yml	posix-abs
docs/evidence/s1/134-ac6-contended-no-conclusion.md:17	/tmp/134ac6/job-107042866358.log	posix-abs
docs/evidence/s1/134-ac6-contended-no-conclusion.md:870	/tmp/wisp134-r2/yamlcheck.py	posix-abs
docs/evidence/s1/134-adversarial-acceptance.md:44	/tmp/wisp134-acc-r1-g-removed-lines.txt	posix-abs
docs/evidence/s1/134-adversarial-acceptance.md:45	/tmp/wisp134-acc-r1-f-d22scan.log	posix-abs
docs/evidence/s1/134-adversarial-acceptance.md:48	/tmp/wisp134-acc-r1-b/log/summary.txt	posix-abs
docs/evidence/s1/134-adversarial-acceptance.md:180	/tmp/wisp134-acc-r1-c/log/p1-summary.txt	posix-abs
docs/evidence/s1/134-adversarial-acceptance.md:235	/tmp/wisp134-acc-r1-e/scripts/slo-check.ps1	posix-abs
docs/evidence/s1/134-adversarial-acceptance.md:330	/tmp/wisp134-acc-r2-a/d22scan-snapshot.log	posix-abs
docs/evidence/s1/134-adversarial-acceptance.md:355	/tmp/wisp134-acc-r2-a/yaml_r2.py	posix-abs
docs/evidence/s1/134-adversarial-acceptance.md:637	/tmp/wisp134-acc-r1-g-removed-lines.txt	posix-abs
docs/evidence/s1/134-adversarial-acceptance.md:699	/tmp/wisp134-acc-r2-a/p1mut/ci-paths.yml	posix-abs
docs/evidence/s1/135-ac8-mg-impl.md:463	/bin/gofumpt.exe	posix-abs
docs/evidence/s1/136-ac11-impl.md:244	D:/work/base/gopath/bin/gofumpt.exe	drive
docs/evidence/s1/136-ac12-ac13-r1-acceptance.md:47	D:/tmp/wisp136r1-tree-pre/internal/observe/sampler_test.go	drive
docs/evidence/s1/136-ac12-ac13-r1-acceptance.md:49	D:/tmp/wisp136r1-tree-pre/internal/observe/sampler.go	drive
docs/evidence/s1/136-ac14-impl.md:45	/bin/gofumpt.exe	posix-abs
docs/evidence/s1/136-ac14-impl.md:71	E:/work/base/msys64/mingw64/bin/gcc.exe	drive
docs/evidence/s1/136-ac14-impl.md:200	/bin/gofumpt.exe	posix-abs
docs/evidence/s1/136-ac14-r1-acceptance.md:256	/bin/gofumpt.exe	posix-abs
docs/evidence/s1/136-ac14b-impl.md:222	/bin/gofumpt.exe	posix-abs
docs/evidence/s1/136-ac14b-impl.md:297	/bin/gofumpt.exe	posix-abs
docs/evidence/s1/136-ac15-target-census-r2.md:137	/tmp/old_half.txt	posix-abs
docs/evidence/s1/136-ac15-target-census-r2.md:138	/tmp/new_half.txt	posix-abs
docs/evidence/s1/136-ac15-target-census-r2.md:139	/tmp/old_half.txt	posix-abs
docs/evidence/s1/136-ac15-target-census-r2.md:139	/tmp/new_half.txt	posix-abs
docs/evidence/s1/136-ac15-target-census-r2.md:446	/tmp/ac15/B-target.log	posix-abs
docs/evidence/s1/136-ac15-target-census-r2.md:447	/tmp/ac15/B-family.log	posix-abs
docs/evidence/s1/136-ac15-target-census-r2.md:454	/tmp/ac15/B-target.log	posix-abs
docs/evidence/s1/136-ac15-target-census-r2.md:455	/tmp/ac15/B-target.log	posix-abs
docs/evidence/s1/136-ac15-target-census-r2.md:505	/tmp/ac15/run.txt	posix-abs
docs/evidence/s1/136-ac15-target-census-r2.md:506	/tmp/ac15/res.txt	posix-abs
docs/evidence/s1/136-ac15-target-census-r2.md:507	/tmp/ac15/run.txt	posix-abs
docs/evidence/s1/136-ac15-target-census-r2.md:507	/tmp/ac15/reported.txt	posix-abs
docs/evidence/s1/136-ac15-target-census-r2.md:508	/tmp/ac15/run.txt	posix-abs
docs/evidence/s1/136-ac15-target-census-r2.md:508	/tmp/ac15/golden-run.txt	posix-abs
docs/evidence/s1/136-ac8-ac9-r1-acceptance.md:423	/tmp/o.txt	posix-abs
docs/evidence/s1/136-ac8-ac9-r1-acceptance.md:477	C:/Users/swq/.qoder-cn/memory/MEMORY.md	drive
docs/evidence/s1/136-instr-fixes-r1.md:59	/bin/gofumpt.exe	posix-abs
docs/evidence/s1/136-instr-fixes-r1.md:61	/bin/staticcheck.exe	posix-abs
docs/evidence/s1/136-instr-fixes-r1.md:260	/bin/gofumpt.exe	posix-abs
docs/evidence/s1/137-ac2-ac5-impl.md:92	/root/link/keep-me.txt	posix-abs
docs/evidence/s1/137-ac2-ac5-impl.md:214	/root/link/keep-me.txt	posix-abs
docs/evidence/s1/137-ac4-impl.md:351	/bin/gofumpt.exe	posix-abs
docs/evidence/s1/137-ac4-r1-acceptance.md:645	/tmp/n119.txt	posix-abs
docs/evidence/s1/137-ac4-r1-acceptance.md:645	/tmp/union11.txt	posix-abs
docs/evidence/s1/138-cancel-kills-children-r1-accept-r1.md:80	D:/work/base/gopath/bin/gofumpt.exe	drive
docs/evidence/s1/138-cancel-kills-children-r1-accept-r1.md:617	/tmp/t138accept-r1/snap1/internal/agent/loop.go	posix-abs
docs/evidence/s1/138-cancel-kills-children-r1-accept-r1.md:673	D:/work/base/gopath/bin/gofumpt.exe	drive
docs/evidence/s1/138-cancel-kills-children-r1-accept-r1.md:675	D:/work/base/gopath/bin/gofumpt.exe	drive
docs/evidence/s1/138-cancel-kills-children-r1-accept-r1.md:705	/tmp/ticket138-r1/d22scan.log	posix-abs
docs/evidence/s1/138-cancel-kills-children-r1.md:85	D:/work/base/gopath/bin/gofumpt.exe	drive
docs/evidence/s1/138-cancel-kills-children-r1.md:699	/tmp/ticket138-r1/agent-before.log	posix-abs
docs/evidence/s1/138-cancel-kills-children-r1.md:704	/tmp/ticket138-r1/agent-after-c2.log	posix-abs
docs/evidence/s1/138-cancel-kills-children-r1.md:743	D:/work/base/gopath/bin/gofumpt.exe	drive
docs/evidence/s1/138-cancel-kills-children-r1.md:749	/tmp/ticket138-r1/slo144_head.go	posix-abs
docs/evidence/s1/138-cancel-kills-children-r1.md:750	D:/work/base/gopath/bin/gofumpt.exe	drive
docs/evidence/s1/138-cancel-kills-children-r1.md:750	/tmp/ticket138-r1/slo144_head.go	posix-abs
docs/evidence/s1/139-compression-leaves-no-trace-r1-accept-r1.md:111	/tmp/loop139.orig.go	posix-abs
docs/evidence/s1/139-compression-leaves-no-trace-r1-accept-r1.md:111	/tmp/wisp139-snap-1/internal/agent/loop.go	posix-abs
docs/evidence/s1/139-compression-leaves-no-trace-r1.md:328	D:/work/base/gopath/bin/gofumpt.exe	drive
docs/evidence/s1/141-q46c-impl.md:125	/bin/gofumpt.exe	posix-abs
docs/evidence/s1/143-panel-assets-r4-leg-accept-r1.md:67	D:/notes/paste-cache.txt	drive
docs/evidence/s1/143-panel-assets-r4-leg-accept-r1.md:70	D:/n.txt	drive
docs/evidence/s1/143-panel-assets-r4-leg-accept-r1.md:143	D:/notes/a.txt	drive
docs/evidence/s1/143-panel-assets-r4-leg-accept-r1.md:145	D:/secret/key.txt	drive
docs/evidence/s1/143-panel-assets-r4-leg-r1.md:122	D:/notes/a.txt	drive
docs/evidence/s1/144-slo-report-partial-read-r1.md:352	D:/tmp/wisp-144-b2/test-v-before.txt	drive
docs/evidence/s1/144-slo-report-partial-read-r1.md:367	D:/work/base/gopath/bin/gofumpt.exe	drive
docs/evidence/s1/144-slo-report-partial-read-r1.md:368	D:/work/base/gopath/bin/gofumpt.exe	drive
docs/evidence/s1/144-slo-report-partial-read-r1.md:415	D:/tmp/wisp-144-a2/wisp-cli-final.txt	drive
docs/evidence/s1/145-snapshot-fields-landed-r1-accept-r1.md:42	/tmp/wisp-145-accept/tree/frontend/fixtures/composer-states.html	posix-abs
docs/evidence/s1/147-offset-naming-r1-accept-r1.md:144	C:/Users/swq/AppData/Local/Temp/wisp147-mut/harness.py	drive
docs/evidence/s1/147-offset-naming-r1-accept-r1.md:145	C:/Users/swq/AppData/Local/Temp/wisp147-mut/run.sh	drive
docs/evidence/s1/147-offset-naming-r1-accept-r1.md:192	/tmp/names-prefix.txt	posix-abs
docs/evidence/s1/147-offset-naming-r1-accept-r1.md:193	/tmp/names-postfix.txt	posix-abs
docs/evidence/s1/147-offset-naming-r1-accept-r1.md:566	D:/work/base/gopath/bin/gofumpt.exe	drive
docs/evidence/s1/147-offset-naming-r1-accept-r1.md:568	D:/work/base/gopath/bin/gofumpt.exe	drive
docs/evidence/s1/147-offset-naming-r1-accept-r1.md:783	C:/Users/swq/AppData/Local/Temp/wisp147-mut/harness.py	drive
docs/evidence/s1/147-offset-naming-r1.md:8	D:/work/base/gopath/bin/gofumpt.exe	drive
docs/evidence/s1/147-offset-naming-r1.md:432	D:/work/base/gopath/bin/gofumpt.exe	drive
docs/evidence/s1/147-offset-naming-r1.md:433	D:/work/base/gopath/bin/gofumpt.exe	drive
docs/evidence/s1/149-three-unpinned-outlets-r1-accept-r1.md:43	D:/work/base/gopath/bin/gofumpt.exe	drive
docs/evidence/s1/149-three-unpinned-outlets-r1-accept-r1.md:652	D:/work/base/gopath/bin/gofumpt.exe	drive
docs/evidence/s1/149-three-unpinned-outlets-r1.md:103	C:/Users/swq/AppData/Local/Temp/wisp149/harness.py	drive
docs/evidence/s1/149-three-unpinned-outlets-r1.md:482	D:/work/base/gopath/bin/gofumpt.exe	drive
docs/evidence/s1/149-three-unpinned-outlets-r1.md:484	D:/work/base/gopath/bin/gofumpt.exe	drive
docs/evidence/s1/149-three-unpinned-outlets-r1.md:683	/tmp/wisp149r/harness.py	posix-abs
docs/evidence/s1/149-three-unpinned-outlets-r1.md:693	/tmp/wisp149r/harness.py	posix-abs
docs/evidence/s1/151-task-scope-never-closed-r1-accept-r1.md:520	D:/tmp/count2clean.sh	drive
docs/evidence/s1/152-subject-death-never-measured-r1.md:70	D:/work/base/gopath/bin/gofumpt.exe	drive
docs/evidence/s1/152-subject-death-never-measured-r1.md:125	D:/work/tmp/wisp152/scratch/probe/overlay-probe.json	drive
docs/evidence/s1/152-subject-death-never-measured-r1.md:227	D:/work/tmp/wisp152/scratch/probe/overlay-probe2-samppre.json	drive
docs/evidence/s1/153-ac2-a-closure-r1.md:78	/tmp/wisp153-prefix.md	posix-abs
docs/evidence/s1/153-ac2-a-closure-r1.md:79	/tmp/wisp153-prefix.md	posix-abs
docs/evidence/s1/154-close-gate-never-rings-r1-accept-r1.md:222	D:/tmp/wisp-154-accept/ast-roster-tools.txt	drive
docs/evidence/s1/156-exited-asks-os-r1.md:207	D:/work/base/go/src/os/exec_posix.go	drive
docs/evidence/s1/156-exited-asks-os-r1.md:422	/bin/gofumpt.exe	posix-abs
docs/evidence/s1/156-exited-asks-os-r1.md:423	/bin/gofumpt.exe	posix-abs
docs/evidence/s1/156-exited-asks-os-r1.md:485	D:/tmp/wisp156-r2/wisp156-ruler/r2-m1-same-shape-after-ac4/slo_windows.go	drive
docs/evidence/s1/156-r4-gates-and-cleanup-r1.md:158	/bin/gofumpt.exe	posix-abs
docs/evidence/s1/157-ac5-recheck-r1.md:258	/tmp/157ac5-roster.txt	posix-abs
docs/evidence/s1/157-ac5-recheck-r1.md:258	/tmp/157ac5-base-head.txt	posix-abs
docs/evidence/s1/157-ac5-recheck-r1.md:258	/tmp/157ac5-now-head.txt	posix-abs
docs/evidence/s1/158-gate-scope-blind-spot-r1-accept-r1.md:32	/bin/gofumpt.exe	posix-abs
docs/evidence/s1/158-gate-scope-blind-spot-r1-accept-r1.md:101	/bin/gofumpt.exe	posix-abs
docs/evidence/s1/158-gate-scope-blind-spot-r1-accept-r1.md:102	/bin/gofumpt.exe	posix-abs
docs/evidence/s1/158-gate-scope-blind-spot-r1-accept-r1.md:103	/bin/gofumpt.exe	posix-abs
docs/evidence/s1/158-gate-scope-blind-spot-r1.md:9	/bin/gofumpt.exe	posix-abs
docs/evidence/s1/158-gate-scope-blind-spot-r1.md:495	/bin/gofumpt.exe	posix-abs
docs/evidence/s1/158-gate-scope-blind-spot-r1.md:554	/bin/gofumpt.exe	posix-abs
docs/evidence/s1/158-gate-scope-blind-spot-r1.md:659	/bin/gofumpt.exe	posix-abs
docs/evidence/s1/158-gate-scope-blind-spot-r1.md:906	/bin/gofumpt.exe	posix-abs
docs/evidence/s1/161-attrib-selftest-r5.md:6	/bin/gofumpt.exe	posix-abs
docs/evidence/s1/161-attrib-selftest-r5.md:20	/bin/gofumpt.exe	posix-abs
docs/evidence/s1/161-attrib-selftest-r5.md:203	/bin/gofumpt.exe	posix-abs
docs/evidence/s1/161-attrib-selftest-r5.md:205	/tmp/q2.txt	posix-abs
docs/evidence/s1/161-attrib-selftest-r5.md:205	/tmp/q1.txt	posix-abs
docs/evidence/s1/161-doorbell-census-r1.md:444	/bin/gofumpt.exe	posix-abs
docs/evidence/s1/161-doorbell-census-r1.md:446	/bin/gofumpt.exe	posix-abs
docs/evidence/s1/161-gate-aggregate-r6.md:82	/tmp/pre-edit.sh	posix-abs
docs/evidence/s1/161-gate-aggregate-r6.md:163	/bin/gofumpt.exe	posix-abs
docs/evidence/s1/161-gate-order-r4.md:29	/bin/gofumpt.exe	posix-abs
docs/evidence/s1/161-gates-accept-r2.md:26	/tmp/wisp161v2/flip/base.sh	posix-abs
docs/evidence/s1/161-gates-selftest-accept-r1.md:158	/tmp/wisp161v1/ctlroot/internal/x/ctl.go	posix-abs
docs/evidence/s1/161-selftests-r3.md:82	/bin/gofumpt.exe	posix-abs
docs/evidence/s1/161-selftests-r3.md:254	/bin/gofumpt.exe	posix-abs
docs/evidence/s1/164-task-output-accept-r1.md:317	/tmp/a.txt	posix-abs
docs/evidence/s1/164-task-output-accept-r1.md:317	/tmp/b.txt	posix-abs
docs/evidence/s1/164-task-output-accept-r1.md:363	/tmp/g3probe.txt	posix-abs
docs/evidence/s1/164-task-output-impl-r1-ac2-ac3.md:36	/tmp/164r1-baseline-names.txt	posix-abs
docs/evidence/s1/175-task-output-stamped-r2.md:193	/bin/gofumpt.exe	posix-abs
docs/evidence/s1/180-panel-width-ownership-a1.md:19	/tmp/roster180.txt	posix-abs
docs/evidence/s1/188-task-state-r1.md:197	/tmp/188r1-start.txt	posix-abs
docs/evidence/s1/188-task-state-r1.md:198	/tmp/188r1-end.txt	posix-abs
docs/evidence/s1/189-uncommitted-count-design-a1.md:18	/tmp/189a1-start-roster.txt	posix-abs
docs/evidence/s1/189-uncommitted-count-design-a1.md:165	/tmp/gitprobe/main.go	posix-abs
docs/evidence/s1/189-uncommitted-count-design-a1.md:311	/tmp/189a1-start-roster.txt	posix-abs
docs/evidence/s1/189-uncommitted-count-design-a1.md:320	/tmp/gitprobe/main.go	posix-abs
docs/evidence/s1/189-uncommitted-count-design-a1.md:320	/tmp/189a1-start-roster.txt	posix-abs
docs/evidence/s1/189-uncommitted-count-design-a1.md:320	/tmp/189a1-end-roster.txt	posix-abs
docs/evidence/s1/189-uncommitted-count-design-a1.md:320	/tmp/st-plain.txt	posix-abs
docs/evidence/s1/198-firstrun-config-r2.md:40	/bin/gofumpt.exe	posix-abs
docs/evidence/s1/198-firstrun-config-v1.md:23	/tmp/198v1/wisp.exe	posix-abs
docs/evidence/s1/198-firstrun-config-v1.md:33	/tmp/198v1/wisp.exe	posix-abs
docs/evidence/s1/198-firstrun-config-v1.md:56	/bin/gofumpt.exe	posix-abs
docs/evidence/s1/20-bridge-junction-shortname.md:74	C:/Users/.../001/jn/victim.txt	drive
docs/evidence/s1/222-spawn-holds-bridge-permit-v1.md:260	/bin/gofumpt.exe	posix-abs
docs/evidence/s1/222-spawn-holds-bridge-permit-v1.md:274	/bin/gofumpt.exe	posix-abs
docs/evidence/s1/222-spawn-holds-bridge-permit-v1.md:346	/bin/gofumpt.exe	posix-abs
docs/evidence/s1/222-spawn-permit-release-r1.md:120	/tmp/222r1/gates-full2.txt	posix-abs
docs/evidence/s1/222-spawn-permit-release-r1.md:136	/tmp/222r1/gates-full.txt	posix-abs
docs/evidence/s1/223-hot-reload-wiring-v2.md:252	/bin/gofumpt.exe	posix-abs
docs/evidence/s1/224-session-grant-v2.md:280	C:/work/new.txt	drive
docs/evidence/s1/241-audio-level-producer-r1.md:142	/bin/gofumpt.exe	posix-abs
docs/evidence/s1/241-audio-level-producer-v1.md:489	/bin/gofumpt.exe	posix-abs
docs/evidence/s1/241-audio-level-producer-v1.md:490	/bin/gofumpt.exe	posix-abs
docs/evidence/s1/246-resident-task-source-v2.md:227	/tmp/246v2/baseline.log	posix-abs
docs/evidence/s1/248-settings-write-path-r1.md:168	/bin/gofumpt.exe	posix-abs
docs/evidence/s1/248-settings-write-path-v1.md:21	/tmp/248v1/porcelain-start.txt	posix-abs
docs/evidence/s1/252-allowlist-sameform-v1.md:33	/bin/gofumpt.exe	posix-abs
docs/evidence/s1/255-tier-registry-v1.md:18	D:/work/base/gopath/bin/gofumpt.exe	drive
docs/evidence/s1/33-panel-host-c27-r7.md:302	/bin/gofumpt.exe	posix-abs
docs/evidence/s1/33-panel-host-c27-r9.md:316	/bin/gofumpt.exe	posix-abs
docs/evidence/s1/33-panel-host-c27-r9.md:380	/bin/gofumpt.exe	posix-abs
docs/evidence/s1/67-emoji-scope-internal-cmd.md:112	/tmp/d22scan67b.exe	posix-abs
docs/evidence/s1/67-emoji-scope-internal-cmd.md:182	/tmp/d22scan67b.exe	posix-abs
docs/evidence/s1/67-emoji-scope-internal-cmd.md:216	/tmp/d22scan67b.exe	posix-abs
docs/evidence/s1/75-independent-verification.md:100	/tmp/wisp75/internal/risk/pathresolver.go	posix-abs
docs/evidence/s1/75-independent-verification.md:194	/tmp/wisp75-logs/pathresolver.go	posix-abs
docs/evidence/s1/75-independent-verification.md:195	/tmp/wisp75-logs/pathresolver.go	posix-abs
docs/evidence/s1/75-independent-verification.md:196	/tmp/wisp75w/internal/risk/pathresolver.go	posix-abs
docs/evidence/s1/75-independent-verification.md:511	/tmp/wisp75logs/sessionA_post-commit_fragment_1303.md	posix-abs
docs/evidence/s1/75-independent-verification.md:528	/tmp/wisp75/internal/risk/pathresolver.go	posix-abs
docs/evidence/s1/75-independent-verification.md:635	/tmp/wisp75-logs/pathresolver.go	posix-abs
docs/evidence/s1/75-independent-verification.md:636	/tmp/wisp75-logs/pathresolver.go	posix-abs
docs/evidence/s1/75-independent-verification.md:637	/tmp/wisp75w/internal/risk/pathresolver.go	posix-abs
docs/evidence/s1/75-linux-mutation-check.md:29	/tmp/wisp75m/internal/risk/pathresolver.go	posix-abs
docs/evidence/s1/75-linux-mutation-check.md:29	/tmp/wisp75m.orig.pathresolver.go	posix-abs
docs/evidence/s1/75-linux-mutation-check.md:210	/tmp/.../OneDrive/Notes/out.md	posix-abs
docs/evidence/s1/75-linux-mutation-check.md:223	/tmp/wisp75m.orig.pathresolver.go	posix-abs
docs/evidence/s1/75-linux-mutation-check.md:223	/tmp/wisp75m/internal/risk/pathresolver.go	posix-abs
docs/evidence/s1/75-linux-mutation-check.md:224	/tmp/wisp75m.orig.pathresolver.go	posix-abs
docs/evidence/s1/75-linux-mutation-check.md:224	/tmp/wisp75m/internal/risk/pathresolver.go	posix-abs
docs/evidence/s1/75-linux-mutation-check.md:281	/tmp/wisp75logs/baseline.log	posix-abs
docs/evidence/s1/75-linux-mutation-check.md:282	/tmp/wisp75m.orig.pathresolver.go	posix-abs
docs/evidence/s1/75-rootcause-linux-path-shape.md:204	/tmp/TestZZProbePOSIXResolved147226177/001/a.txt	posix-abs
docs/evidence/s1/75-rootcause-linux-path-shape.md:204	/tmp/.../a.txt	posix-abs
docs/evidence/s1/75-rootcause-locator-report.md:29	/tmp/wisp-probe/dir/file.txt	posix-abs
docs/evidence/s1/85-preflight-staticcheck.md:61	/tmp/a85-logs/job-106334066361.log	posix-abs
docs/evidence/s1/85-preflight-staticcheck.md:108	/tmp/a85-bin/staticcheck.exe	posix-abs
docs/evidence/s1/85-preflight-staticcheck.md:122	D:/work/base/go/src/internal/pkgbits/version.go	drive
docs/evidence/s1/85-preflight-staticcheck.md:137	/tmp/a85-bin/staticcheck.exe	posix-abs
docs/evidence/s1/85-preflight-staticcheck.md:453	/tmp/a85-resolved.tsv	posix-abs
docs/evidence/s1/88-adversarial-acceptance.md:124	/tmp/wisp88acc-88-pos.txt	posix-abs
docs/evidence/s1/88-adversarial-acceptance.md:160	/tmp/wisp88acc-test.txt	posix-abs
docs/evidence/s1/90-adversarial-acceptance.md:31	/tmp/wisp90acc-90c-baseline.log	posix-abs
docs/evidence/s1/90-adversarial-acceptance.md:72	/tmp/m0-clean.log	posix-abs
docs/evidence/s1/90-adversarial-acceptance.md:235	D:/work/base/gopath/bin/gofumpt.exe	drive
docs/evidence/s1/91-os-isolation-memo.md:403	D:\wisp91b-t2-outside.txt	drive
docs/evidence/s1/92-adversarial-acceptance.md:32	/tmp/wisp-ac92b/internal/panel/zz_ac92probe_test.go	posix-abs
docs/evidence/s1/92-adversarial-acceptance.md:155	/bin/gofumpt.exe	posix-abs
docs/evidence/s1/92-adversarial-acceptance.md:226	/bin/gofumpt.exe	posix-abs
docs/evidence/s1/92b-adversarial-acceptance.md:24	/bin/gofumpt.exe	posix-abs
docs/evidence/s1/92b-adversarial-acceptance.md:32	/bin/gofumpt.exe	posix-abs
docs/evidence/s1/92b-adversarial-acceptance.md:146	/bin/gofumpt.exe	posix-abs
docs/evidence/s1/97-adversarial-acceptance.md:17	/bin/gofumpt.exe	posix-abs
docs/evidence/s1/99-adversarial-acceptance.md:81	/tmp/wisp-99-gate-ac99/scripts/d22scan.sh	posix-abs
docs/evidence/s1/99-adversarial-acceptance.md:172	/tmp/ac4-run1.log	posix-abs
docs/evidence/s1/99-adversarial-acceptance.md:172	/tmp/ac4-run2.log	posix-abs
docs/evidence/s1/99-adversarial-acceptance.md:174	/tmp/ac4-run2.log	posix-abs
docs/evidence/s1/ci-runner-readings-2026-09-21.md:19	/tmp/run35600043583.json	posix-abs
docs/evidence/s1/ci-runner-readings-2026-09-21.md:104	/tmp/readings-run-35600043583.txt	posix-abs
docs/evidence/s1/ci-runner-readings-2026-09-21.md:104	/tmp/run35600043583.json	posix-abs
docs/evidence/s1/ci-runner-readings-2026-09-21.md:213	/tmp/d22-snapshot.log	posix-abs
docs/evidence/s1/ci-runner-readings-2026-09-21.md:237	/tmp/d22-worktree.log	posix-abs
docs/evidence/s1/ci-runner-readings-2026-09-21.md:254	/tmp/audit77-s1read/frontend/src/__ban6_probe.ts	posix-abs
docs/evidence/s1/ci-runner-readings-2026-09-21.md:258	/tmp/d22-planted.log	posix-abs
docs/evidence/s1/panel-l2-grant-nail-r1.md:281	/tmp/d22.txt	posix-abs
docs/evidence/s1/panel-l2-grant-nail-r1.md:328	/tmp/base-v.txt	posix-abs
docs/evidence/s1/panel-l2-grant-nail-r1.md:328	/tmp/after-v.txt	posix-abs
docs/evidence/s1/panel-l2-grant-nail-r1.md:328	/tmp/final-v.txt	posix-abs
docs/evidence/s1/panel-l2-grant-nail-r1.md:328	/tmp/mut-v.txt	posix-abs
docs/evidence/s1/panel-l2-grant-nail-r1.md:328	/tmp/d22.txt	posix-abs
docs/evidence/s1/panel-l2-grant-nail-r1.md:329	/tmp/base-roster.txt	posix-abs
docs/evidence/s1/panel-l2-grant-nail-r1.md:329	/tmp/after-roster.txt	posix-abs
docs/evidence/s1/panel-l2-grant-nail-r1.md:329	/tmp/final-roster.txt	posix-abs
docs/reports/HANDOVER.md:223	/tmp/222r1/gates-full.txt	posix-abs
docs/reports/frontend-session-log.md:765	D:/tmp/wisp-fe-l2-mutation-proof.mjs	drive
docs/reports/frontend-session-log.md:823	D:/tmp/wisp-fe-icon-setdiff.mjs	drive
docs/reports/frontend-session-log.md:1007	D:/tmp/wisp-fe-caret-unit.mjs	drive
docs/reports/frontend-watchdog.md:47	D:/tmp/wisp-fe-caret-unit.mjs	drive
docs/reports/pending-and-issues.md:1262	/bin/gofumpt.exe	posix-abs
docs/reports/pending-and-issues.md:5329	/tmp/wisp137ac4r1b-ci-testcore.log	posix-abs
docs/reports/pending-and-issues.md:5749	/bin/gofumpt.exe	posix-abs
docs/reports/pending-and-issues.md:6102	D:/tmp/wisp-fe-l2-mutation-proof.mjs	drive
docs/reports/pending-and-issues.md:6144	D:/tmp/wisp-fe-icon-setdiff.mjs	drive
docs/reports/pending-and-issues.md:7734	/bin/gofumpt.exe	posix-abs
docs/reports/pending-and-issues.md:8170	/tmp/gc179.txt	posix-abs
docs/reports/pending-and-issues.md:9269	/tmp/222r1/gates-full.txt	posix-abs
docs/reports/pending-and-issues.md:9610	/bin/gofumpt.exe	posix-abs
docs/reports/pending-and-issues.md:10830	/bin/gofumpt.exe	posix-abs
docs/specs/SPEC-07-tools-and-plugins.md:97	C:/Users/me/bin/lark-cli.exe	drive
internal/panel/attachments.go:315	C:\dir\photo.png	drive
internal/risk/provenance_syncdirs_windows_test.go:13	C:\Users\test\OneDrive\Notes\shared.md	drive
internal/risk/syncdirs_test.go:97	D:\plain\data.txt	drive
internal/winsec/notice_attribution_115_windows_test.go:29	C:\Users\runneradmin\AppData\Local\Temp\...readable-by-inheritance.txt	drive
internal/winsec/resolve.go:422	C:\store-44440\artifact.txt	drive
internal/winsec/resolve.go:423	D:\store-44440\artifact.txt	drive
internal/winsec/resolve.go:447	c:\Windows\explorer.exe	drive
internal/winsec/resolve.go:447	C:\Windows\explorer.exe	drive
internal/winsec/volume_attribution_126_windows_test.go:16	C:\store-44440\artifact.txt	drive
internal/winsec/volume_attribution_126_windows_test.go:17	D:\store-44440\artifact.txt	drive
scripts/portable-tests-selftest.sh:33	/tmp/prefix.sh	posix-abs
scripts/portable-tests-selftest.sh:48	/tmp/pre254-portable.sh	posix-abs
scripts/portable-tests-selftest.sh:49	/tmp/pre254-winsec.sh	posix-abs
scripts/portable-tests-selftest.sh:50	/tmp/pre254-winsec.sh	posix-abs
scripts/portable-tests-selftest.sh:51	/tmp/pre254-portable.sh	posix-abs
scripts/portable-tests-selftest.sh:74	/tmp/prefix.sh	posix-abs
scripts/portable-tests-selftest.sh:75	/tmp/prefix.sh	posix-abs
