G5	UNPAIRED:cmd/wisp/panel_assets.go
G5-负一负	UNPAIRED:cmd/wisp/panel_assets.go
G5-负一负	UNPAIRED:internal/risk/provenance.go
G5-负一负	UNPAIRED:internal/risk/provenance_syncdirs_other_test.go
G5-负一负	UNPAIRED:internal/risk/provenance_test.go
G5-负一负	UNPAIRED:internal/risk/syncdirs_redteam_windows_test.go
G5-负一负	UNPAIRED:internal/risk/syncdirs_test.go
G5-负一负	UNPAIRED:internal/risk/syncdirs_windows_test.go
G5-负一负	UNPAIRED:internal/risk/taintmatch_test.go
G6	UNPAIRED-REV:cmd/wisp/run.go
G6-负一负	UNPAIRED-REV:cmd/wisp/run.go
G7	UNPAIRED-REV:internal/memory/retention.go
G7	UNPAIRED-REV:internal/observe/goroutine.go
G7	UNPAIRED-REV:internal/proc/shutdown.go
G7-负一负	UNPAIRED-REV:internal/memory/retention.go
G7-负一负	UNPAIRED-REV:internal/memory/retention_test.go
G7-负一负	UNPAIRED-REV:internal/observe/goroutine.go
G7-负一负	UNPAIRED-REV:internal/proc/shutdown.go
