C	01	NOFILE
C	02	NOFILE
C	03	NOFILE
C	04	NOFILE
A	05	05-adversarial-acceptance.md
C	06	NOFILE
A	07	07-adversarial-acceptance.md
A	08	08-adversarial-acceptance.md
A	09	09-adversarial-acceptance.md
A	10	10-adversarial-acceptance.md
A	101	101-adversarial-acceptance.md
A	102	102-adversarial-acceptance.md
A	104	104-adversarial-acceptance.md
A	105	105-adversarial-acceptance.md
A	106	106-adversarial-acceptance.md
A	11	11-adversarial-acceptance.md
A	110	110-adversarial-acceptance.md
A	113	113-adversarial-acceptance.md
C	115	NOFILE
A	116	116-adversarial-acceptance.md
A	117	117-adversarial-acceptance.md
A	118	118-adversarial-acceptance.md
A	119	119-ac1-ac2-r2-acceptance.md 119-ac2-r2b-acceptance.md 119-ac7-r1-acceptance.md 119-adversarial-acceptance.md（另名旁证件另列 §3.2 附表）
A	121	121-adversarial-acceptance.md（另名旁证件另列 §3.2 附表）
A	126	126-adversarial-acceptance.md
A	127	127-adversarial-acceptance.md
A	129	129-adversarial-acceptance.md（另名旁证件另列 §3.2 附表）
C	13	NOFILE
A	131	131-adversarial-acceptance.md（另名旁证件另列 §3.2 附表）
A	134	134-adversarial-acceptance.md（另名旁证件另列 §3.2 附表）
A	137	137-ac1-r1-acceptance.md 137-ac2-ac5-r1-acceptance.md 137-ac3-r1-acceptance.md 137-ac3-r2-acceptance.md 137-ac4-r1-acceptance.md（另名旁证件另列 §3.2 附表）
C	14	NOFILE
A	141	141-q46c-accept-r1.md（另名旁证件另列 §3.2 附表）
A	142	142-non-quiescent-index-guard-accept-r1.md（另名旁证件另列 §3.2 附表）
A	143	143-panel-assets-r4-leg-accept-r1.md（另名旁证件另列 §3.2 附表）
A	144	144-slo-report-partial-read-r1-accept-r1.md（另名旁证件另列 §3.2 附表）
A	146	146-liveapprovals-r1-accept-r1.md（另名旁证件另列 §3.2 附表）
A	147	147-offset-naming-r1-accept-r1.md（另名旁证件另列 §3.2 附表）
A	149	149-three-unpinned-outlets-r1-accept-r1.md（另名旁证件另列 §3.2 附表）
A	151	151-task-scope-never-closed-r1-accept-r1.md（另名旁证件另列 §3.2 附表）
A	152	152-subject-death-never-measured-r1-accept-r1.md（另名旁证件另列 §3.2 附表）
A	153	153-ac2-a-closure-r1.md（另名旁证件另列 §3.2 附表）
A	154	154-close-gate-never-rings-r1-accept-r1.md（另名旁证件另列 §3.2 附表）
A	155	155-three-unjudged-cells-r1-accept-r1.md（另名旁证件另列 §3.2 附表）
A	156	156-close-and-load-bearing-r1-accept-r1.md（另名旁证件另列 §3.2 附表）
A	157	157-ac5-recheck-r1.md 157-record-level-cleanup-r1-accept-r1.md
A	161	161-gates-accept-r2.md 161-gates-selftest-accept-r1.md（另名旁证件另列 §3.2 附表）
A	162	162-fs-edit-accept-r1.md 162-fs-edit-accept-r2.md 162-risk-tier-accept-v3.md（另名旁证件另列 §3.2 附表）
A	17	17-adversarial-acceptance.md
A	18	18-adversarial-acceptance.md（另名旁证件另列 §3.2 附表）
A	183	183-pointer-exemption-accept-v2.md（另名旁证件另列 §3.2 附表）
B	184	184-audit-vocabulary-census-c1.md
C	19	NOFILE
A	198	198-firstrun-config-v1.md（另名旁证件另列 §3.2 附表）
A	212	212-comments-phantom-citation-v2.md
A	221	221-task-cancel-v1.md
A	235	235-pool-nail-and-bridge-preread-v1.md
A	241	241-audio-level-producer-v1.md（另名旁证件另列 §3.2 附表）
C	243	NOFILE
C	250	NOFILE
C	251	NOFILE
C	254	NOFILE
A	257	257-clean-machine-provider-registry-v1.md
C	263	NOFILE
B	265	265-267-evidence-index.md
C	267	NOFILE
C	268	NOFILE
A	63	63-adversarial-acceptance.md
A	66	66-adversarial-acceptance.md（另名旁证件另列 §3.2 附表）
A	67	67-adversarial-acceptance.md（另名旁证件另列 §3.2 附表）
A	69	69-adversarial-acceptance.md（另名旁证件另列 §3.2 附表）
A	73	73-adversarial-acceptance.md（另名旁证件另列 §3.2 附表）
A	74	74-adversarial-acceptance.md
A	75	75-independent-verification.md（另名旁证件另列 §3.2 附表）
A	76	76-adversarial-acceptance.md
C	78	NOFILE
A	79	79-adversarial-acceptance.md
A	80	80-ac1-ac2-verdict.md
A	81	81-adversarial-acceptance.md
A	82	82-adversarial-acceptance.md
A	83	83-adversarial-acceptance.md
A	84	84-ac1-bounded-wait.md
A	87	87-adversarial-acceptance.md
A	88	88-adversarial-acceptance.md
A	89	89-adversarial-acceptance.md
A	90	90-adversarial-acceptance.md
A	92	92-adversarial-acceptance.md
A	93	93-adversarial-acceptance.md
A	94	94-adversarial-acceptance.md
A	95	95-adversarial-acceptance.md
A	96	96-adversarial-acceptance.md
A	97	97-adversarial-acceptance.md
A	99	99-adversarial-acceptance.md
